uniqueid,deo,region,district,gender,age,income,person_of_worth,good_qualities,am_failure,do_well,little_pride,positive_attitude,satisfied_w_self,want_selfrespect,feel_useless,no_good_at_all
1,6,5,55,2,30,152,2,3,3,4,4,3,2,2,2,1
2,2,5,55,1,35,114,3,2,4,3,2,2,3,2,4,2
3,3,1,15,2,33,25,3,4,2,2,1,2,3,1,3,3
4,2,2,21,2,31,71,3,4,4,2,2,3,2,3,1,4
5,5,1,15,2,31,115,3,3,2,3,2,2,3,2,2,3
6,1,1,14,1,30,14,2,2,2,3,3,4,2,2,2,2
7,8,3,34,2,32,81,2,4,4,2,2,3,2,4,3,4
8,2,3,33,1,28,71,3,2,4,4,3,2,1,1,3,3
9,5,5,51,1,34,31,3,3,4,3,3,2,1,2,2,1
10,2,2,25,1,36,83,2,3,1,2,2,2,2,3,3,1
11,6,1,12,2,29,92,2,3,4,3,2,2,4,3,3,3
12,5,3,32,2,29,47,3,4,3,3,4,3,3,2,3,2
13,5,5,54,2,24,143,3,3,3,3,2,3,4,2,4,3
14,3,4,45,2,35,41,3,1,2,1,3,3,3,4,4,4
15,3,3,32,2,38,55,4,4,3,2,2,3,4,2,2,4
16,6,5,54,1,41,26,3,3,2,3,3,2,2,3,2,3
17,7,4,44,2,32,52,1,2,3,3,2,3,2,2,2,3
18,7,4,41,1,30,143,3,3,2,3,3,3,2,4,1,2
19,3,1,13,2,37,149,4,4,2,2,4,1,2,1,2,2
20,6,4,42,1,37,70,4,4,3,3,3,3,1,4,1,2
21,6,2,22,2,30,246,3,1,1,2,1,2,2,1,4,3
22,4,3,35,1,28,49,3,4,3,3,4,2,2,3,3,3
23,6,1,14,1,32,131,3,3,4,3,1,3,3,1,4,3
24,8,2,22,2,33,128,1,3,4,3,4,4,3,2,1,4
25,1,2,22,2,29,35,3,4,3,3,3,4,2,2,3,4
26,1,1,15,2,30,122,3,4,2,2,3,2,1,4,1,3
27,7,4,42,2,28,10,2,2,4,2,3,2,2,3,1,3
28,8,2,21,1,29,18,2,3,3,2,3,3,3,3,4,3
29,4,4,41,2,19,53,2,2,2,3,4,2,2,4,3,3
30,8,5,54,2,29,70,3,3,2,4,3,2,1,1,3,4
31,7,3,31,2,36,21,3,3,2,3,2,1,3,4,2,3
32,8,5,51,2,39,106,2,2,2,3,3,3,4,3,4,2
33,2,5,54,1,36,384,4,2,4,2,4,4,4,2,4,2
34,5,3,33,1,34,163,3,2,3,4,3,2,2,3,3,4
35,6,1,12,2,49,53,1,2,2,1,1,3,4,3,2,4
36,3,3,33,2,31,102,2,3,2,2,2,3,3,3,2,3
37,3,4,45,1,31,304,3,2,3,4,1,4,3,1,3,3
38,5,5,53,1,20,127,2,4,4,3,2,2,4,2,2,4
39,2,3,31,2,40,73,3,2,1,1,3,3,4,2,3,2
40,5,3,35,1,25,59,2,4,4,3,4,2,1,3,2,4
41,6,5,55,1,40,14,4,4,2,4,2,2,1,2,4,3
42,5,3,32,1,32,5,3,2,2,3,1,3,2,4,3,2
43,2,5,53,2,28,22,3,2,3,2,3,3,3,2,2,2
44,7,2,23,1,30,178,3,2,2,2,2,3,2,3,2,2
45,8,4,44,2,33,29,4,2,2,2,4,3,2,3,4,2
46,2,4,45,2,26,28,2,2,3,2,2,3,3,2,2,2
47,4,5,55,1,23,212,4,3,3,4,1,2,3,4,3,3
48,1,3,32,2,31,88,3,2,3,2,1,4,2,2,2,2
49,3,4,45,1,35,23,2,3,4,4,2,3,3,4,2,3
50,5,2,24,1,27,72,4,3,2,1,2,4,2,2,3,4
51,5,4,41,2,33,20,2,2,2,1,2,3,2,3,3,3
52,1,3,31,2,41,27,4,2,4,2,4,2,2,2,2,3
53,5,4,41,2,34,281,3,2,3,4,2,3,4,2,2,4
54,5,3,31,2,38,851,4,2,2,1,2,2,2,4,2,4
55,6,2,21,2,21,31,4,2,2,4,3,2,1,4,2,1
56,6,3,35,2,18,51,4,3,2,2,3,2,3,3,2,1
57,8,5,53,1,24,64,1,2,1,3,4,3,3,1,2,2
58,5,5,52,2,36,10,3,3,1,2,2,3,3,2,2,2
59,3,1,12,1,34,7,2,2,2,4,1,3,3,3,3,2
60,6,5,55,2,28,74,1,3,2,2,4,2,2,3,3,3
61,5,3,33,1,30,35,3,1,3,2,2,3,4,4,3,2
62,6,2,21,2,39,52,3,3,1,4,3,2,1,4,3,4
63,1,4,45,2,33,29,3,3,2,3,3,2,4,4,4,2
64,8,3,31,1,37,35,4,4,3,2,4,2,4,3,3,1
65,2,3,32,1,33,304,2,3,3,3,3,2,3,2,2,2
66,6,3,34,1,27,119,2,2,3,3,2,4,3,2,2,4
67,6,2,25,2,29,9,3,2,3,4,3,2,4,1,4,2
68,4,3,32,2,30,277,3,3,3,2,1,3,2,2,2,2
69,7,4,45,1,26,34,2,2,3,3,2,4,4,3,3,2
70,5,2,24,2,39,59,3,3,2,3,2,3,4,1,3,2
71,1,3,32,2,32,81,4,2,2,3,2,2,2,2,2,4
72,4,4,44,2,23,21,3,3,2,2,3,4,3,4,1,3
73,6,5,55,1,31,48,3,3,1,1,4,2,3,1,2,2
74,4,2,22,2,38,90,3,4,3,2,3,4,3,2,2,2
75,6,2,24,2,35,111,2,3,3,2,2,3,2,3,3,3
76,3,2,24,2,33,62,3,2,2,2,1,3,3,3,2,1
77,4,3,31,2,43,265,3,3,1,1,3,2,1,3,2,3
78,8,4,42,2,37,64,1,3,2,2,3,3,2,2,3,4
79,8,4,44,2,34,121,3,4,3,4,3,1,3,3,2,4
80,2,3,32,2,36,37,3,4,3,2,2,3,3,2,4,3
81,3,2,23,2,32,222,1,3,4,2,3,3,4,2,2,2
82,1,2,23,1,37,21,4,3,3,4,2,3,2,2,2,2
83,3,3,32,1,30,140,4,2,2,3,3,2,3,4,3,3
84,7,2,23,2,33,140,3,4,4,2,2,3,2,2,3,3
85,8,2,21,2,28,28,2,2,3,2,4,4,3,2,2,1
86,7,3,33,1,30,160,3,2,2,1,4,4,4,4,4,2
87,5,2,25,2,32,121,4,1,2,1,2,4,4,2,3,2
88,3,1,12,2,27,104,2,3,3,4,3,2,2,2,3,2
89,3,3,32,2,27,66,4,3,3,2,2,3,4,2,3,2
90,2,5,51,2,15,42,2,3,2,4,3,2,3,2,2,3
91,1,4,42,1,45,28,3,3,2,1,2,3,2,2,3,3
92,6,3,31,2,35,24,2,2,2,4,3,2,3,3,4,3
93,8,4,41,2,37,36,2,3,2,2,3,4,1,4,2,4
94,1,2,21,1,35,305,4,3,2,2,2,3,4,3,3,4
95,4,4,44,2,28,41,3,4,4,1,3,4,2,2,2,3
96,1,5,55,2,23,23,1,1,4,3,3,2,4,4,3,1
97,5,2,24,1,28,14,1,3,2,2,2,4,3,2,2,3
98,8,3,34,2,26,11,2,4,2,3,3,3,2,3,4,2
99,4,4,42,2,28,72,4,2,3,2,4,3,4,4,4,4
100,8,4,42,1,34,97,3,4,1,3,4,1,2,3,4,1
101,7,5,51,2,18,155,4,2,4,3,4,2,2,4,2,4
102,6,3,31,2,31,41,2,3,1,1,3,3,3,3,3,3
103,1,1,14,2,35,133,3,4,2,1,2,3,3,4,3,2
104,7,5,54,2,32,92,4,3,2,2,3,2,2,3,3,2
105,2,3,31,1,25,12,3,3,2,2,4,4,1,4,3,2
106,8,1,11,2,26,20,4,4,3,4,3,2,3,4,4,1
107,8,1,11,1,29,104,3,3,3,4,4,2,2,3,2,4
108,8,4,43,1,33,32,2,1,3,3,4,2,3,3,4,2
109,8,4,44,1,34,28,4,4,3,1,4,4,3,4,4,4
110,7,3,32,1,31,390,2,4,1,3,3,2,2,3,4,4
111,6,4,43,2,33,82,2,3,4,4,2,2,4,3,3,3
112,3,1,11,1,31,195,4,3,3,2,2,4,3,2,3,2
113,4,2,25,1,26,443,3,2,2,2,2,2,3,3,2,3
114,1,2,22,1,35,365,4,4,3,2,4,2,4,2,4,1
115,2,4,42,1,37,67,4,2,2,3,3,2,3,1,3,4
116,5,2,25,1,31,339,2,2,3,2,2,3,2,2,4,2
117,6,4,41,1,33,39,3,3,3,2,4,4,3,3,4,2
118,6,3,34,1,29,126,4,2,4,3,3,4,4,3,3,2
119,2,5,52,2,29,7,3,3,3,4,3,3,4,2,4,2
120,7,1,12,1,33,250,3,2,3,4,3,3,3,3,4,4
121,5,1,12,2,24,55,2,3,2,2,3,1,4,2,3,2
122,5,5,51,2,37,225,1,2,3,1,3,2,2,2,2,1
123,7,3,35,1,34,33,3,2,4,3,2,2,3,2,2,4
124,8,5,55,1,18,21,2,4,1,2,4,4,3,4,3,2
125,8,2,25,2,24,144,2,1,2,2,2,4,1,2,1,3
126,7,4,42,1,27,179,3,3,2,4,4,2,4,2,3,4
127,1,2,21,2,42,246,2,3,3,3,4,2,2,2,3,1
128,2,3,33,1,39,43,1,3,3,2,3,2,4,1,3,2
129,1,4,44,1,28,30,3,3,2,3,4,4,2,4,3,2
130,5,4,42,1,23,43,3,3,4,3,4,3,3,4,2,1
131,3,1,12,1,23,161,3,2,2,4,3,2,3,2,3,3
132,3,1,12,2,34,85,3,3,4,3,3,4,3,2,3,3
133,2,5,54,1,30,15,2,2,1,2,3,2,3,4,2,2
134,4,4,43,2,27,21,1,2,4,3,2,4,2,2,3,3
135,4,2,25,2,44,128,2,4,3,2,3,2,2,2,2,2
136,7,4,44,1,26,22,4,1,3,1,2,3,2,1,3,2
137,1,5,51,1,35,17,3,2,1,2,4,3,3,2,2,4
138,6,5,54,2,33,77,2,3,2,4,2,4,1,3,3,1
139,3,1,15,1,23,178,2,2,4,1,2,3,1,2,3,4
140,4,2,24,1,34,9,2,2,1,2,4,3,3,2,2,3
141,4,3,32,1,31,19,4,2,2,2,3,2,1,3,3,2
142,5,1,14,2,32,51,3,3,2,4,4,2,4,3,4,2
143,4,4,42,2,40,8,4,2,4,4,2,2,2,3,3,1
144,5,2,25,1,42,131,3,3,1,2,1,4,1,1,2,3
145,5,5,53,2,30,129,1,1,4,1,2,1,3,2,1,1
146,3,2,25,1,26,132,3,4,2,3,2,2,4,2,2,4
147,8,4,41,1,37,111,4,4,3,4,3,3,3,3,2,2
148,3,4,44,2,33,228,2,2,2,3,2,4,4,2,2,2
149,1,5,54,1,30,35,1,1,2,3,2,3,2,2,4,2
150,6,5,52,1,36,8,3,4,2,3,3,3,3,3,2,2
151,5,2,21,1,34,46,4,3,3,2,3,3,2,2,4,3
152,4,4,41,1,28,24,2,4,4,2,3,1,2,1,2,4
153,7,4,42,2,25,143,4,2,3,2,2,3,3,3,3,1
154,3,3,35,2,21,125,2,4,2,3,2,2,3,2,2,3
155,1,2,23,2,28,34,2,2,2,3,1,3,1,2,4,2
156,5,5,53,1,24,98,3,3,3,4,3,4,2,2,3,1
157,5,5,55,1,33,20,2,2,3,2,3,3,2,2,3,4
158,5,2,23,1,35,14,2,2,2,3,4,3,3,2,4,2
159,4,3,34,1,30,28,4,3,2,2,1,2,3,3,1,4
160,5,4,43,1,18,680,4,2,1,3,3,3,4,3,4,3
161,5,3,31,1,25,53,1,3,3,3,3,2,3,3,2,2
162,8,1,14,2,31,37,2,4,4,2,3,2,3,3,2,4
163,4,3,34,2,37,45,2,3,2,3,4,3,3,3,3,2
164,3,3,34,1,28,58,2,1,3,4,2,4,2,2,4,3
165,5,2,23,1,32,126,3,3,4,2,1,1,1,4,2,3
166,7,5,54,2,25,32,3,3,2,1,3,3,3,3,1,1
167,4,5,54,1,32,26,3,2,1,1,3,4,4,2,3,2
168,7,2,25,2,33,52,4,3,3,4,1,3,4,4,4,3
169,2,1,11,2,25,12,4,3,3,2,1,3,3,3,2,3
170,5,4,43,2,31,55,3,2,1,4,2,2,2,1,1,2
171,3,2,25,2,24,67,3,4,4,2,2,4,4,2,3,2
172,1,2,24,1,18,59,2,2,2,3,3,2,2,3,4,3
173,3,2,22,1,33,13,2,3,3,3,2,2,1,2,3,2
174,5,3,31,1,28,17,1,3,3,3,4,2,2,4,2,3
175,5,4,44,1,34,71,4,3,2,2,2,2,2,4,3,2
176,5,4,41,2,24,88,1,2,1,2,2,2,2,3,3,2
177,7,5,54,1,30,23,3,4,2,2,2,3,4,3,3,2
178,3,1,11,2,37,11,2,2,2,3,3,3,3,3,2,4
179,5,4,43,2,25,50,1,3,3,2,3,2,2,4,2,3
180,8,5,52,1,24,13,3,1,2,2,2,4,2,3,3,3
181,2,3,32,2,28,34,3,3,3,2,1,2,2,3,1,2
182,5,3,35,2,36,244,3,2,3,2,3,2,3,3,4,2
183,6,5,53,1,28,21,1,3,2,2,2,1,2,4,4,3
184,1,4,43,1,32,71,4,2,4,3,1,4,3,3,4,3
185,8,5,52,1,23,76,4,2,1,3,4,2,1,1,2,2
186,1,1,15,1,45,38,3,4,4,1,3,3,1,3,2,3
187,3,4,44,2,38,19,2,3,2,4,1,2,4,1,1,4
188,3,1,11,2,34,76,1,3,2,4,4,2,3,3,4,1
189,5,1,11,2,29,34,2,3,3,4,1,3,2,3,2,3
190,3,4,42,1,25,25,3,3,2,1,3,1,2,1,4,2
191,1,4,43,2,28,22,2,1,1,1,3,3,1,3,4,3
192,2,4,41,1,39,33,2,3,4,3,2,4,3,2,3,4
193,3,2,21,2,29,155,1,3,3,3,3,3,3,4,3,2
194,8,5,54,1,33,20,2,3,2,3,3,3,3,2,1,2
195,5,5,53,2,30,48,2,3,3,3,3,1,2,2,2,2
196,1,3,31,2,28,48,3,2,2,2,3,2,4,2,3,1
197,6,2,24,1,36,268,2,3,1,3,3,2,1,1,3,1
198,3,4,42,2,32,19,2,2,3,2,4,2,4,4,2,2
199,5,3,34,2,28,41,2,2,2,3,3,3,3,4,3,3
200,3,2,24,2,31,47,3,4,1,2,3,2,3,4,2,2
201,4,4,41,1,26,118,3,3,2,3,3,4,3,4,2,2
202,7,1,13,2,28,25,4,1,1,4,2,3,1,3,4,1
203,2,5,53,2,46,232,2,1,3,3,2,2,3,3,2,4
204,5,5,52,2,19,161,2,3,3,2,2,2,3,2,2,3
205,7,3,33,2,38,20,4,2,3,2,1,4,2,2,3,2
206,2,2,23,2,20,46,2,4,1,2,3,4,2,2,3,3
207,5,1,14,1,37,64,2,3,4,3,4,1,2,4,3,1
208,3,2,22,1,28,59,3,1,3,4,4,2,3,3,4,4
209,6,3,32,1,29,74,2,2,3,4,4,2,2,4,1,4
210,4,1,14,1,31,145,4,3,3,3,2,2,3,3,2,1
211,6,3,34,1,29,17,1,1,3,3,2,4,3,2,3,3
212,4,4,43,1,42,58,1,4,4,2,3,2,3,3,1,2
213,5,1,13,1,33,18,3,4,3,3,2,3,4,3,2,2
214,1,1,15,1,33,268,2,3,4,3,4,3,2,1,2,1
215,1,3,31,1,26,150,2,1,2,2,2,1,4,2,2,3
216,2,1,13,2,24,31,3,1,3,3,2,3,3,2,2,2
217,2,2,25,2,25,48,2,4,4,2,4,4,4,2,2,3
218,1,2,25,1,37,74,4,4,1,2,2,4,2,2,4,2
219,8,5,51,1,33,400,3,2,4,3,3,3,3,4,2,1
220,8,5,53,1,23,91,3,4,4,2,2,3,1,3,2,1
221,4,5,52,1,38,21,4,3,3,3,2,4,1,2,3,1
222,1,5,53,1,25,25,4,1,1,2,2,2,3,2,1,2
223,8,1,15,1,26,15,4,4,3,2,3,2,2,2,2,4
224,5,4,42,2,25,47,2,2,2,1,2,4,4,2,2,3
225,3,4,43,1,22,100,4,2,2,4,4,3,4,4,3,1
226,5,5,54,2,41,39,4,3,3,4,2,1,4,3,3,2
227,3,4,41,1,24,50,1,4,3,3,3,4,2,2,4,2
228,1,3,33,2,34,241,4,2,2,2,2,3,4,2,3,3
229,6,5,55,1,28,203,4,2,3,2,4,4,1,2,2,1
230,3,3,34,1,27,31,2,2,3,3,3,2,1,3,2,3
231,4,4,43,1,37,29,3,3,3,2,2,2,4,4,3,2
232,1,5,51,1,29,66,4,2,4,3,4,4,3,4,4,3
233,7,1,14,2,28,64,3,2,2,1,3,4,4,3,4,3
234,4,3,34,1,23,43,3,3,3,4,4,3,4,2,3,3
235,1,2,23,1,29,276,3,3,2,4,1,3,2,3,3,2
236,2,1,13,1,31,123,4,2,2,3,4,3,3,3,4,2
237,1,3,31,1,28,10,2,2,3,4,2,4,1,4,1,3
238,6,3,32,2,24,53,4,4,4,1,2,2,3,2,3,3
239,3,1,15,1,32,17,2,3,4,3,2,3,3,4,4,4
240,4,2,22,2,34,21,3,4,2,3,2,3,1,2,2,4
241,4,2,21,2,31,18,4,4,2,4,3,3,3,2,3,3
242,6,2,25,1,35,46,1,4,2,4,4,4,2,2,4,3
243,7,5,55,1,31,19,3,3,4,2,1,1,4,4,2,2
244,4,5,51,1,27,113,3,3,2,2,2,3,3,3,2,1
245,3,2,22,2,36,41,4,2,3,2,2,4,3,4,3,2
246,6,3,34,1,34,224,4,1,1,2,4,3,1,1,2,2
247,7,5,52,2,38,59,3,2,3,4,2,2,2,1,2,3
248,3,4,45,1,29,75,2,3,2,2,1,4,1,3,3,4
249,4,4,43,1,42,33,3,3,3,2,4,4,4,3,3,2
250,3,1,11,1,30,50,2,2,2,3,3,2,4,4,3,3
251,7,1,14,1,23,179,4,3,4,2,3,3,3,4,3,2
252,3,4,42,1,30,16,4,2,3,4,1,3,3,4,2,4
253,2,2,22,2,37,202,3,4,2,4,2,2,3,2,3,3
254,3,2,21,2,26,22,3,1,2,2,2,3,2,2,3,4
255,8,3,35,1,31,52,2,3,3,3,4,4,3,1,2,3
256,8,4,44,1,29,91,3,4,3,3,1,4,3,3,2,3
257,1,4,43,1,31,42,4,1,2,3,3,4,2,3,4,1
258,6,4,43,1,30,110,3,1,3,4,3,1,3,3,3,3
259,2,2,22,1,35,33,2,2,2,4,4,4,1,2,2,3
260,5,1,15,1,26,159,2,1,2,1,3,4,1,2,3,2
261,3,2,24,1,34,236,2,4,2,3,1,4,4,3,3,3
262,8,5,54,2,23,63,2,3,2,4,3,1,4,2,2,2
263,1,1,14,2,33,82,2,3,3,2,4,2,2,2,4,4
264,6,4,45,2,29,54,2,2,3,3,3,3,3,3,2,2
265,5,5,53,2,35,87,4,2,2,2,3,1,4,2,3,4
266,4,3,33,1,36,60,4,2,2,4,3,3,3,3,2,3
267,5,3,35,1,34,106,2,1,4,3,2,1,4,3,2,1
268,7,3,35,1,26,38,3,3,3,4,4,3,4,3,2,2
269,8,2,23,1,25,66,4,3,2,2,3,2,2,1,3,2
270,2,5,54,1,31,117,3,3,1,2,3,2,2,2,3,2
271,5,2,22,1,32,32,2,1,3,4,3,1,2,2,2,2
272,8,2,25,2,40,37,3,4,1,1,3,2,3,3,1,2
273,7,4,43,2,28,63,2,4,2,3,3,3,4,2,3,3
274,5,1,13,2,35,48,2,4,2,3,2,4,3,3,3,2
275,1,3,34,2,24,96,4,1,3,2,4,3,2,3,4,1
276,1,4,44,1,31,27,2,2,2,3,2,2,4,3,3,3
277,7,3,32,2,36,18,4,3,3,3,1,2,3,2,2,3
278,1,5,53,1,41,28,2,3,3,3,2,2,2,4,1,2
279,6,5,51,1,32,63,2,3,3,2,3,2,2,3,2,4
280,3,4,42,1,25,177,3,4,3,4,3,1,4,4,3,2
281,3,2,24,2,37,25,4,3,2,3,2,3,4,2,2,3
282,2,4,41,2,33,52,4,2,2,3,4,3,3,2,2,3
283,3,1,11,1,26,14,3,2,3,3,3,3,3,3,3,3
284,8,3,34,2,35,91,2,3,4,3,2,4,1,4,3,1
285,3,3,35,2,36,74,3,2,4,4,2,3,3,2,3,4
286,8,5,51,2,43,41,1,1,2,3,3,3,3,4,4,3
287,6,1,15,2,31,67,4,3,3,3,2,1,3,2,3,2
288,4,3,35,1,40,68,1,3,3,3,3,3,3,3,1,3
289,5,5,52,2,30,331,2,2,3,4,2,2,3,2,4,4
290,1,5,52,1,26,51,2,3,2,2,3,3,3,2,3,4
291,7,4,42,1,33,278,4,3,3,3,3,3,3,4,2,4
292,8,5,55,1,31,380,2,2,3,3,3,4,3,3,2,3
293,6,3,34,1,37,65,3,2,3,3,3,3,2,3,2,3
294,7,4,43,2,32,45,3,4,2,4,3,1,1,2,4,3
295,1,1,13,1,28,151,1,4,3,2,4,2,2,1,1,3
296,6,4,44,2,40,24,2,2,4,3,1,4,2,3,3,4
297,3,2,21,2,32,101,3,2,2,2,3,3,3,4,1,3
298,2,2,22,2,51,113,4,3,4,1,2,3,1,2,2,2
299,3,3,33,2,27,69,2,4,4,4,1,3,2,3,2,4
300,1,5,52,1,37,61,4,4,3,3,2,4,2,3,2,3
301,3,1,15,2,40,8,4,2,4,3,4,2,2,1,4,3
302,8,2,23,2,31,130,3,2,1,4,2,3,1,3,1,2
303,6,2,23,1,35,22,2,4,3,2,4,1,3,4,1,3
304,6,1,15,2,34,71,2,3,4,3,3,2,4,4,3,4
305,8,2,21,1,28,66,2,4,3,2,2,1,2,3,3,2
306,6,5,54,2,26,85,2,3,2,3,1,3,4,2,2,3
307,1,1,14,2,35,28,2,3,4,3,4,3,4,4,4,3
308,7,5,53,2,44,31,2,3,1,2,2,3,3,1,4,3
309,7,1,11,2,30,65,2,3,4,2,3,2,2,3,2,2
310,6,3,33,2,38,18,2,3,3,2,4,3,2,2,2,2
311,7,4,41,1,30,20,2,3,4,4,4,2,3,4,2,4
312,4,3,34,1,30,104,4,4,3,3,2,2,3,3,3,1
313,6,5,55,1,25,12,3,2,2,2,3,2,2,2,4,3
314,8,5,53,1,33,51,4,4,4,3,2,2,4,2,4,3
315,8,2,25,2,31,8,2,2,2,2,4,2,2,4,2,4
316,4,3,32,1,29,51,3,1,3,4,3,2,4,3,2,2
317,1,1,13,1,34,182,1,2,2,4,2,4,3,2,1,2
318,5,2,21,1,32,84,2,3,3,2,2,2,2,4,2,3
319,8,4,45,1,25,37,2,3,3,4,1,2,4,2,2,2
320,4,1,13,1,26,14,4,1,2,4,2,1,1,2,4,2
321,7,3,32,2,28,18,3,2,3,4,4,3,4,2,3,2
322,5,2,22,2,30,27,2,3,2,2,3,3,3,1,4,1
323,2,5,51,2,35,690,3,3,3,2,4,2,2,2,3,4
324,4,5,52,2,28,43,2,4,4,3,2,2,2,3,3,2
325,1,4,45,1,29,128,1,2,3,3,4,3,4,4,2,1
326,2,1,14,1,32,134,2,2,1,1,4,4,1,2,1,4
327,1,5,53,1,33,63,2,2,2,4,1,4,3,3,3,2
328,8,3,33,1,27,244,4,4,1,3,1,2,3,2,3,2
329,1,3,34,2,38,35,2,1,2,2,2,3,2,2,4,1
330,6,2,25,2,33,66,3,4,3,3,4,2,2,3,2,4
331,7,3,33,1,35,230,4,3,3,2,3,2,2,3,4,3
332,2,3,33,2,41,154,4,4,2,4,4,2,3,3,1,2
333,6,3,33,2,31,395,1,2,4,4,2,2,3,2,2,2
334,2,1,11,2,36,152,2,4,4,3,4,3,2,2,3,3
335,3,3,34,2,30,22,1,2,2,2,3,3,3,2,4,4
336,3,1,13,1,39,8,3,2,2,3,3,2,4,2,2,3
337,4,5,53,2,42,77,3,2,2,2,2,2,4,1,2,1
338,8,5,52,1,41,43,3,3,4,2,3,2,2,4,2,3
339,7,1,14,2,34,77,3,2,4,2,4,2,3,3,2,3
340,3,2,22,1,36,55,2,3,3,3,3,3,4,2,3,3
341,4,3,31,2,31,642,3,2,3,2,2,3,4,4,4,3
342,4,4,44,2,34,85,1,3,2,4,2,1,4,3,3,2
343,5,2,24,1,39,69,4,2,3,3,2,3,3,4,3,4
344,7,5,51,1,32,65,4,3,4,4,4,3,2,2,3,1
345,4,1,14,1,41,51,3,3,3,3,2,3,2,1,2,3
346,2,5,53,2,20,52,4,3,3,3,4,2,4,2,3,3
347,7,2,23,1,34,279,2,3,3,2,1,2,4,2,3,4
348,3,2,25,2,24,29,4,3,4,3,4,2,3,4,3,2
349,4,5,53,1,38,42,1,3,1,2,1,3,3,3,3,1
350,4,2,25,2,43,44,3,2,2,3,2,3,2,3,4,2
351,3,3,31,1,21,97,4,3,2,4,3,3,2,3,4,2
352,6,1,15,1,36,15,2,4,2,2,4,2,4,2,4,2
353,1,1,13,1,45,139,2,4,2,1,3,2,3,3,2,2
354,3,3,32,1,31,61,3,4,3,2,4,2,3,2,4,1
355,7,3,32,2,26,22,2,3,1,4,3,4,2,2,2,2
356,6,4,41,2,27,79,2,3,3,4,4,4,3,4,3,3
357,3,1,15,1,48,65,4,3,4,4,1,2,1,3,2,3
358,6,4,41,2,31,112,2,3,2,1,1,2,3,3,3,4
359,1,2,25,1,36,109,1,3,4,4,1,1,3,4,2,4
360,6,4,41,1,30,117,3,4,1,3,3,2,4,4,2,2
361,7,5,54,1,32,85,2,2,2,1,3,2,2,3,3,2
362,3,4,45,1,39,17,2,4,2,3,3,2,3,2,4,2
363,4,2,22,1,32,32,2,3,3,2,4,2,3,2,3,4
364,1,4,41,1,46,113,3,3,3,4,4,1,3,3,4,4
365,6,2,21,1,32,41,2,4,2,1,4,4,4,3,4,3
366,1,3,33,1,24,281,3,3,2,3,2,4,2,4,3,1
367,6,1,11,2,26,141,3,4,4,3,3,2,1,4,4,3
368,2,3,35,1,34,35,4,2,4,2,4,3,4,3,4,2
369,2,2,25,2,34,33,2,2,2,2,4,3,4,1,3,4
370,1,1,14,2,28,58,3,1,2,4,2,3,2,4,4,4
371,4,2,24,2,29,10,2,3,3,3,1,3,3,3,4,1
372,3,4,43,1,41,118,4,2,3,3,2,4,4,2,2,2
373,1,3,34,1,34,128,3,3,1,4,4,2,2,3,2,1
374,7,5,54,1,36,24,2,3,2,1,3,3,2,2,2,3
375,7,4,43,2,30,42,4,2,3,4,3,2,3,3,2,3
376,2,2,23,2,31,11,2,4,3,1,1,4,3,2,2,3
377,3,1,11,2,25,174,4,1,3,2,3,2,4,4,3,1
378,4,3,33,2,33,117,3,3,3,3,2,4,3,1,2,4
379,6,5,53,1,37,17,3,1,2,2,2,1,2,2,2,3
380,6,2,25,2,38,61,4,2,2,4,2,3,2,4,3,3
381,7,1,15,1,29,26,1,1,2,4,2,4,2,2,1,2
382,8,1,11,2,39,5,1,2,2,4,3,4,3,2,3,3
383,3,3,34,1,32,59,2,2,3,2,2,2,3,2,2,4
384,3,4,42,1,39,16,3,4,3,2,4,4,3,3,4,2
385,3,1,13,1,37,4,2,4,4,3,2,3,2,3,1,2
386,3,2,22,2,28,215,2,2,4,3,2,3,3,2,3,2
387,5,3,31,2,35,101,2,4,3,2,2,1,4,4,3,2
388,1,5,52,2,30,21,1,4,2,2,4,3,3,2,3,3
389,7,5,51,2,28,38,1,2,3,3,3,2,4,2,2,3
390,1,5,53,1,39,75,3,3,2,2,2,4,2,2,2,2
391,4,1,13,2,40,46,4,4,3,3,2,2,4,2,3,2
392,6,2,21,2,33,29,4,4,4,4,2,3,3,4,3,4
393,2,2,22,2,33,81,3,2,3,3,2,2,3,3,3,4
394,4,4,41,1,23,80,3,2,2,2,3,4,2,3,3,4
395,5,2,24,2,26,117,2,2,3,4,4,4,2,2,3,2
396,3,1,12,2,32,135,4,3,2,1,1,4,1,3,3,3
397,8,3,34,2,31,19,2,2,1,4,1,2,4,2,2,4
398,2,4,43,2,21,94,2,4,1,3,4,3,4,3,2,2
399,6,2,24,1,34,7,3,2,1,2,3,3,4,3,4,4
400,3,1,12,1,33,755,3,2,3,3,2,4,2,1,3,3
401,8,5,52,1,32,114,2,2,3,1,2,2,4,4,3,2
402,1,2,22,1,37,86,2,4,4,2,2,3,3,3,2,2
403,5,1,13,1,33,176,2,2,2,4,3,3,2,2,1,3
404,2,4,42,2,41,28,3,3,3,2,2,2,3,2,2,3
405,8,2,22,1,33,33,2,3,3,2,3,3,3,3,3,3
406,3,3,34,1,40,98,1,4,4,1,3,2,4,4,3,2
407,2,3,32,1,27,89,4,4,3,4,2,2,4,4,3,4
408,2,2,22,2,37,88,4,4,1,2,3,2,2,3,2,3
409,2,4,43,2,28,74,3,3,2,2,2,4,2,2,3,4
410,2,3,33,1,32,121,3,4,2,3,2,2,4,3,3,1
411,5,3,31,2,39,107,3,2,2,2,2,3,2,2,4,3
412,7,2,22,2,39,68,4,2,3,2,3,3,3,3,4,3
413,8,1,12,2,29,8,2,2,2,2,1,3,3,1,2,3
414,1,3,34,1,32,16,1,3,2,2,3,2,4,3,4,2
415,4,4,43,1,32,57,3,3,3,3,2,2,3,2,4,4
416,3,3,35,1,30,22,1,2,4,3,2,3,2,3,2,2
417,7,2,25,1,29,373,2,3,2,3,2,2,2,2,4,2
418,8,1,15,1,37,42,2,2,4,1,2,2,1,2,3,3
419,8,4,41,1,31,87,3,2,3,4,1,1,2,2,2,4
420,7,5,55,2,25,39,2,3,3,2,3,1,3,2,2,4
421,4,1,15,1,31,121,1,2,2,3,1,3,3,3,4,2
422,4,5,52,1,33,91,1,2,3,2,2,3,3,2,3,1
423,2,1,14,1,35,52,4,2,3,2,3,3,4,4,2,2
424,4,4,45,2,18,32,3,3,3,2,2,2,4,3,2,4
425,4,1,12,2,32,43,3,3,3,4,4,2,1,3,3,3
426,2,5,54,2,27,161,3,2,4,3,2,3,3,2,3,4
427,4,1,13,2,26,27,1,4,4,2,2,2,4,3,2,3
428,3,4,45,1,36,116,2,3,3,2,4,4,1,2,3,4
429,8,4,41,1,25,51,3,2,1,1,2,4,4,3,2,2
430,6,4,45,1,24,7,3,1,2,2,2,3,2,1,3,2
431,5,4,45,2,30,586,3,2,2,2,3,4,2,2,3,4
432,7,1,13,2,24,28,1,3,3,2,4,3,3,3,4,3
433,1,3,34,1,30,19,1,3,2,3,3,3,4,3,3,2
434,2,4,41,2,19,32,3,3,2,1,4,3,3,4,3,3
435,6,3,32,1,29,308,4,3,3,4,2,2,4,3,4,2
436,7,1,12,2,26,39,3,2,3,3,4,4,3,4,2,4
437,7,2,24,2,26,137,1,3,2,3,2,3,3,3,1,4
438,8,5,54,1,30,17,2,3,3,2,1,2,4,4,2,3
439,8,4,41,2,37,25,2,3,2,4,4,3,4,3,2,2
440,1,3,33,2,23,110,2,4,3,4,2,3,3,2,4,3
441,5,3,35,2,37,90,3,2,3,4,3,4,2,4,2,3
442,7,4,44,1,45,73,1,4,3,4,2,2,2,1,3,4
443,7,5,51,1,32,302,3,3,2,4,4,1,2,3,2,1
444,8,3,31,1,31,13,4,4,3,4,2,4,2,2,3,3
445,4,2,23,2,36,110,2,4,1,4,4,3,4,3,3,2
446,1,3,35,1,24,121,3,2,2,2,2,1,1,3,3,2
447,6,5,51,1,39,43,3,2,3,3,1,1,2,1,2,4
448,1,2,21,1,23,60,3,2,4,2,3,2,2,1,3,2
449,2,2,25,1,29,105,4,2,2,2,2,2,4,3,3,3
450,4,3,34,2,27,106,3,4,4,1,3,1,2,3,2,2
451,2,2,23,2,34,70,4,2,2,2,2,4,4,2,2,3
452,2,3,31,1,47,11,3,4,3,2,1,4,3,2,1,3
453,4,4,42,2,30,115,1,4,2,3,4,3,2,3,1,2
454,1,5,54,2,34,34,3,1,1,2,2,3,3,2,3,3
455,5,3,32,2,39,52,3,2,2,4,3,4,1,3,2,3
456,2,5,54,1,30,67,4,3,2,4,3,4,1,3,3,3
457,2,5,52,2,36,198,3,4,4,3,4,3,3,4,2,3
458,3,3,32,2,32,40,2,2,3,4,1,2,3,2,3,3
459,5,2,21,2,32,74,2,4,1,2,3,2,3,2,4,2
460,2,1,12,1,29,135,4,4,2,2,2,3,2,2,2,2
461,5,5,55,2,32,114,4,1,2,3,1,2,1,3,2,3
462,2,3,33,1,27,33,2,4,1,3,2,3,2,4,2,3
463,3,4,43,2,26,152,2,3,3,3,3,1,2,4,2,4
464,3,5,52,2,31,14,1,4,4,3,3,3,2,4,4,1
465,1,1,11,2,36,62,4,3,1,4,2,1,3,1,3,4
466,5,1,14,2,38,82,3,3,4,4,2,3,2,2,2,2
467,4,4,43,1,29,17,2,3,3,4,2,3,2,3,3,3
468,3,5,54,1,38,17,3,2,3,1,2,2,2,3,4,2
469,1,1,14,1,36,12,2,2,1,3,2,2,2,3,3,2
470,5,2,24,1,31,28,2,2,2,4,3,3,2,2,3,1
471,3,5,51,1,30,75,4,3,3,2,2,4,2,1,2,4
472,7,4,42,2,28,70,2,2,3,3,4,4,4,3,4,3
473,2,3,33,2,30,44,4,4,2,2,1,3,2,4,2,3
474,5,3,34,1,35,85,2,2,3,2,3,2,4,4,2,3
475,7,5,53,1,31,124,3,3,1,2,1,3,2,3,2,3
476,6,4,44,2,27,18,3,4,2,2,1,2,2,2,3,1
477,8,3,32,2,26,45,2,4,2,2,1,3,4,4,3,3
478,7,4,41,1,25,54,3,1,4,3,3,2,1,2,2,2
479,7,4,41,1,27,151,3,4,2,3,4,3,2,4,2,2
480,4,4,44,2,35,177,2,3,2,2,4,3,2,4,1,3
481,8,2,23,2,37,80,4,3,3,4,1,4,3,2,2,3
482,8,5,54,2,39,72,4,4,2,3,3,2,4,3,4,2
483,2,5,54,1,23,17,3,3,2,2,2,1,4,3,3,3
484,8,4,42,2,34,122,3,3,1,4,2,2,1,4,2,3
485,2,2,21,1,32,126,1,1,4,4,3,2,1,4,2,2
486,7,1,15,2,26,21,3,4,3,2,4,2,4,3,2,2
487,7,5,54,1,35,130,2,1,4,4,2,2,2,3,4,4
488,6,4,41,1,41,40,3,2,3,4,2,4,1,2,3,3
489,7,3,33,2,30,42,2,2,2,4,4,3,1,3,2,4
490,8,3,32,1,37,7,2,4,4,3,3,3,1,2,2,2
491,3,5,54,2,32,32,4,2,3,3,4,1,3,3,4,1
492,3,2,24,2,35,22,3,4,4,2,2,3,2,1,3,3
493,3,4,42,2,35,8,2,1,2,4,2,2,2,3,3,4
494,7,5,54,1,27,125,3,2,1,4,2,4,3,4,3,4
495,6,1,12,1,31,57,1,2,3,3,4,3,4,4,3,2
496,4,1,14,2,36,3,1,2,3,3,3,4,4,4,2,2
497,1,4,45,2,34,29,4,3,3,2,2,2,1,4,2,3
498,6,3,35,2,29,78,1,3,2,3,2,4,3,3,1,1
499,7,1,15,1,31,10,3,3,1,3,4,3,1,3,2,2
500,7,3,35,1,27,60,2,2,3,2,3,2,3,3,1,3
501,4,2,25,2,31,18,4,2,2,2,3,3,3,3,4,1
502,7,2,25,2,42,11,4,2,3,3,3,2,4,3,2,3
503,7,2,23,1,31,108,2,3,4,4,1,3,2,2,3,2
504,1,1,11,1,29,44,2,4,3,3,3,2,4,1,2,4
505,4,5,55,1,31,57,2,2,3,4,1,2,2,3,3,1
506,2,1,12,2,32,10,4,4,2,3,4,3,1,3,4,2
507,8,2,22,2,20,207,2,2,3,2,1,4,1,3,4,3
508,1,4,45,2,31,5,4,4,3,2,4,3,3,2,4,3
509,2,3,32,2,26,163,2,4,4,2,3,3,4,3,3,3
510,6,2,23,2,34,89,4,4,2,2,1,2,3,2,3,4
511,3,4,42,1,27,15,2,2,3,2,3,2,4,4,2,2
512,5,2,22,2,30,459,3,4,4,3,1,4,4,1,1,3
513,2,4,42,2,34,53,3,2,3,4,3,4,2,4,3,3
514,2,1,13,1,32,153,2,3,2,2,2,2,2,2,3,2
515,7,5,52,2,22,877,1,3,3,2,2,3,3,4,4,3
516,5,4,41,2,25,44,4,3,3,4,3,3,4,2,3,2
517,6,1,15,1,32,570,2,2,3,3,4,1,2,3,4,2
518,4,2,23,1,30,25,3,2,1,3,4,3,2,2,3,2
519,8,5,52,2,31,57,2,1,3,4,1,3,3,4,3,1
520,8,5,51,2,30,142,4,3,2,4,3,1,3,3,4,3
521,8,1,12,2,22,280,3,2,4,2,4,4,3,3,4,2
522,1,2,23,2,25,193,2,4,1,2,2,4,3,3,1,2
523,4,3,34,2,44,56,3,4,3,2,2,4,2,3,2,3
524,6,3,34,1,18,23,2,3,2,2,2,3,2,3,3,1
525,1,1,12,1,36,61,2,2,3,2,2,3,1,3,4,3
526,4,5,53,1,24,294,2,3,2,3,2,4,1,4,3,3
527,7,4,42,2,34,250,4,2,3,3,3,4,2,2,1,3
528,5,1,12,1,20,113,3,2,2,2,2,3,1,1,2,4
529,7,1,15,1,37,61,3,3,3,2,1,2,3,4,4,3
530,4,4,41,2,30,187,2,2,2,4,2,2,2,3,2,4
531,6,2,23,2,33,22,4,2,1,2,3,3,1,3,2,2
532,8,1,12,2,22,35,2,3,3,4,1,2,3,3,2,2
533,7,1,11,1,29,82,2,3,3,4,4,4,3,3,2,4
534,8,3,31,1,27,197,2,2,3,1,1,2,3,3,3,3
535,7,2,25,2,28,16,3,3,3,4,3,3,3,3,2,3
536,4,3,32,1,33,231,2,2,4,4,1,2,2,2,3,3
537,7,4,41,2,33,138,2,3,4,3,1,2,2,2,3,3
538,5,5,51,2,26,13,3,2,1,3,4,2,2,3,3,3
539,1,2,25,1,35,185,3,2,4,4,3,1,2,3,4,2
540,3,2,25,1,32,68,4,4,3,2,3,3,3,3,2,2
541,3,4,44,1,33,24,4,3,3,3,2,1,3,2,2,1
542,4,2,25,2,32,128,2,4,2,4,3,3,2,3,3,4
543,3,2,24,1,35,146,2,4,2,4,2,3,1,2,2,4
544,4,4,41,2,29,174,2,3,2,3,2,4,3,3,2,2
545,5,3,31,2,28,30,2,3,2,1,1,2,2,2,2,2
546,3,3,31,1,29,33,1,3,2,1,3,4,1,3,2,2
547,5,4,44,2,29,37,2,4,4,4,3,2,4,2,2,4
548,6,4,41,1,34,50,2,3,2,1,3,1,4,4,4,3
549,4,5,53,2,26,12,4,2,2,2,2,4,3,1,3,3
550,7,3,31,2,35,55,4,4,2,2,2,3,4,3,4,2
551,3,1,12,2,30,90,2,2,3,2,2,1,2,3,2,3
552,1,3,35,1,32,14,2,4,1,3,3,1,2,4,3,1
553,4,2,25,1,27,56,2,2,2,3,2,4,1,1,3,3
554,5,5,53,2,24,127,3,3,2,2,3,2,3,4,1,3
555,7,1,12,1,39,88,3,3,3,2,2,2,1,4,2,2
556,8,3,34,1,31,37,3,4,3,4,3,3,3,3,2,2
557,4,2,25,1,28,133,4,3,2,1,2,1,2,4,2,3
558,1,1,15,2,24,57,4,2,4,3,2,4,2,4,2,1
559,2,3,32,1,26,60,4,2,2,2,2,3,2,4,2,4
560,8,2,21,2,29,13,3,3,2,2,4,1,3,4,3,4
561,4,1,14,1,21,89,3,2,1,3,4,4,2,3,4,1
562,8,2,24,1,30,109,2,3,1,4,2,4,4,4,3,3
563,8,5,52,1,28,153,2,4,3,1,3,2,1,2,4,3
564,6,1,15,2,34,294,3,3,3,3,2,4,3,3,3,1
565,3,3,35,1,26,23,2,2,2,2,3,3,3,4,2,2
566,7,2,24,1,38,231,2,2,2,2,3,1,4,1,4,2
567,2,3,33,2,28,169,4,3,3,2,1,4,4,1,3,2
568,1,4,43,2,34,44,3,4,2,1,1,3,2,1,3,3
569,4,1,12,2,25,14,2,2,3,2,3,3,2,2,2,3
570,3,2,25,2,25,62,3,3,4,4,2,2,4,4,2,3
571,4,1,15,2,24,110,3,3,2,3,4,3,2,3,3,3
572,5,2,25,2,39,120,4,2,2,3,1,4,3,4,2,3
573,2,5,53,1,29,259,1,2,2,2,3,2,3,4,2,1
574,6,4,45,1,32,187,3,2,4,4,3,4,3,4,3,3
575,8,2,25,1,31,47,3,2,4,2,3,3,3,2,4,4
576,7,1,14,1,32,59,4,3,4,2,3,3,2,2,4,4
577,6,5,54,1,31,107,3,3,2,2,2,1,2,3,2,2
578,7,5,54,2,35,102,4,2,1,3,3,3,4,3,4,4
579,7,5,54,1,33,46,3,4,3,2,3,3,3,2,1,3
580,8,5,53,2,31,56,3,3,4,2,4,1,2,3,3,1
581,5,3,35,2,29,427,4,2,1,1,2,2,1,3,3,2
582,4,1,15,1,31,99,1,3,3,3,1,2,1,2,1,3
583,4,5,53,2,30,100,4,4,1,1,4,2,4,2,3,4
584,4,5,54,1,39,354,3,2,2,2,2,1,3,2,3,2
585,3,5,55,2,36,95,4,1,3,3,2,2,3,4,2,2
586,4,5,55,1,28,29,3,2,3,3,3,4,3,2,3,2
587,6,5,54,1,43,58,2,3,4,3,3,2,4,4,4,1
588,1,1,11,2,33,82,2,2,4,3,2,1,3,4,4,4
589,3,2,21,1,40,84,3,2,4,2,3,3,4,3,3,3
590,3,1,12,1,33,18,2,3,1,2,2,4,4,3,2,2
591,5,1,14,2,31,31,3,3,2,2,2,2,3,4,3,1
592,6,4,45,1,25,94,2,2,4,2,4,2,2,4,3,3
593,3,5,55,2,34,21,2,2,2,3,2,3,3,4,4,1
594,8,1,12,1,37,110,4,4,3,3,3,3,3,2,4,2
595,1,2,23,2,35,198,1,1,3,4,3,4,3,3,3,3
596,8,2,23,2,28,91,3,4,3,2,2,2,4,2,3,3
597,5,2,25,1,37,80,3,3,2,1,4,2,3,3,1,3
598,2,4,44,2,39,10,2,4,4,4,4,4,1,4,2,3
599,5,3,31,2,33,51,4,4,3,2,3,2,2,2,3,3
600,7,4,43,2,30,120,3,3,3,2,3,3,2,2,2,3
601,2,5,51,2,28,49,3,2,3,1,1,2,4,3,4,1
602,6,1,15,2,27,85,3,3,2,3,2,3,4,2,1,3
603,5,2,25,1,30,5,3,4,2,3,1,2,4,1,4,2
604,7,1,12,1,33,51,3,2,2,3,3,4,2,2,4,2
605,5,3,32,1,39,87,2,2,2,1,3,1,2,3,2,4
606,4,4,42,2,31,22,3,4,2,3,1,2,4,4,4,1
607,4,3,34,2,34,134,4,1,2,4,2,4,1,3,4,2
608,2,1,11,2,29,283,2,3,2,2,3,2,3,3,3,1
609,4,5,52,2,30,295,3,3,4,3,2,4,4,3,3,3
610,8,3,32,1,32,16,2,2,1,1,3,3,3,2,2,3
611,8,5,52,2,33,132,4,3,3,4,4,2,3,2,2,4
612,8,5,51,1,30,71,2,3,3,2,1,2,1,3,3,3
613,2,3,35,1,37,87,1,3,2,2,1,2,4,3,4,2
614,2,3,34,2,37,30,3,4,2,3,3,2,3,2,2,4
615,4,5,52,1,35,61,4,3,2,3,2,4,3,3,2,2
616,8,4,42,1,32,53,3,4,3,4,2,3,3,2,3,3
617,6,1,11,1,26,36,1,2,2,3,2,2,3,3,2,2
618,2,3,32,2,26,245,2,4,3,3,3,3,2,3,1,3
619,5,1,14,2,43,44,3,1,2,2,1,3,3,4,2,3
620,7,2,21,2,41,113,3,3,2,2,3,3,2,3,3,2
621,7,4,41,1,37,145,2,2,2,2,4,2,4,2,3,1
622,4,2,21,2,38,19,2,4,4,3,2,2,3,2,2,2
623,5,5,51,1,33,211,2,4,3,3,3,4,4,3,2,3
624,8,1,11,1,30,29,3,4,3,2,2,2,3,3,2,3
625,2,1,14,2,18,83,2,3,2,3,2,3,4,4,3,2
626,4,2,25,2,37,243,4,2,3,3,2,1,3,2,1,3
627,6,3,33,2,36,60,4,2,2,3,1,2,2,1,2,2
628,1,1,15,1,30,55,3,4,2,4,4,3,4,2,2,3
629,6,4,44,2,33,112,4,3,3,4,2,3,3,4,1,4
630,2,1,14,1,36,500,3,3,1,4,2,2,3,2,2,4
631,6,3,32,2,28,91,2,3,4,2,2,3,1,2,3,3
632,1,3,34,2,35,77,4,2,3,2,2,4,3,3,3,1
633,1,2,21,1,23,39,3,4,3,4,2,1,2,2,3,4
634,8,3,35,1,33,41,3,2,3,2,3,3,4,4,4,4
635,5,3,31,1,32,35,2,1,2,4,2,4,2,3,3,2
636,3,4,42,2,38,45,2,3,2,3,4,2,1,3,3,3
637,2,2,25,1,32,130,2,3,3,4,3,4,3,2,2,1
638,3,2,23,2,39,136,2,3,3,2,1,1,2,3,2,2
639,2,4,45,2,31,13,4,2,3,3,4,2,3,3,3,1
640,4,2,25,2,21,97,2,4,2,2,4,4,3,2,2,3
641,5,1,15,1,39,33,2,2,1,4,3,2,2,4,3,3
642,3,4,45,1,33,114,2,2,2,3,3,2,2,4,1,2
643,1,1,12,1,23,182,3,4,1,3,1,4,3,2,3,2
644,3,5,51,2,34,100,2,2,2,2,3,3,2,3,2,4
645,1,3,35,2,37,6,4,3,3,3,2,2,1,2,4,3
646,4,1,15,2,25,40,4,2,4,2,2,1,2,3,4,2
647,1,3,35,2,23,40,2,3,1,3,2,1,2,3,2,2
648,6,3,35,1,22,61,3,2,4,3,1,1,2,2,2,4
649,1,5,51,2,27,18,4,2,2,2,3,3,2,2,3,2
650,3,1,14,1,32,75,1,3,2,3,3,4,2,2,2,2
651,4,4,41,1,23,113,2,4,2,2,4,3,2,3,2,3
652,3,2,23,1,26,15,3,1,2,4,2,3,4,2,2,4
653,5,1,15,2,36,154,4,2,3,2,2,1,3,3,2,3
654,2,4,43,2,28,39,4,2,4,2,3,4,3,3,2,3
655,4,3,35,2,26,45,3,2,3,2,2,3,3,2,4,2
656,7,3,32,2,40,154,1,3,3,2,4,3,3,1,4,2
657,5,2,23,2,34,8,3,2,1,1,3,2,3,4,2,4
658,3,4,41,2,23,128,1,3,2,3,2,2,1,3,2,1
659,1,3,32,2,38,320,4,2,3,3,2,3,4,2,2,3
660,8,5,52,1,44,48,3,2,3,2,3,3,2,3,3,3
661,7,3,35,2,32,62,2,1,4,4,3,3,3,2,2,4
662,3,1,11,1,36,48,3,4,4,2,2,3,2,3,3,2
663,3,2,22,1,34,64,4,3,4,2,3,4,2,3,3,2
664,4,2,25,1,44,18,2,2,2,3,1,3,3,4,3,3
665,7,2,22,2,31,209,2,3,3,2,2,3,3,4,3,2
666,7,3,31,1,32,14,2,2,2,1,2,3,3,3,3,4
667,1,3,32,2,34,16,4,4,3,2,3,2,2,1,3,4
668,4,1,15,1,35,14,2,4,3,3,2,3,4,2,4,2
669,2,5,54,1,35,84,4,4,3,4,4,3,4,2,2,2
670,5,3,32,2,34,367,2,2,3,3,1,4,2,4,4,3
671,6,4,42,1,32,86,3,3,3,1,4,3,2,2,1,3
672,5,2,22,1,24,70,1,3,4,4,4,2,4,2,3,2
673,6,4,42,1,39,76,3,2,4,3,1,3,3,4,2,2
674,6,4,42,1,30,77,1,2,4,2,3,1,1,4,1,4
675,7,2,24,1,31,24,4,2,2,4,2,3,1,3,1,3
676,5,2,23,2,30,29,4,2,2,2,4,1,1,3,1,1
677,7,1,12,2,32,233,3,2,4,2,3,2,2,3,2,2
678,7,1,12,1,38,25,4,4,2,2,4,3,2,3,2,3
679,3,2,23,1,26,330,2,2,3,4,1,2,3,3,1,4
680,3,3,33,2,28,262,3,4,2,2,1,4,3,2,1,4
681,6,4,45,2,25,628,3,3,4,1,2,3,4,3,4,4
682,8,4,45,1,32,215,3,3,3,2,4,2,3,3,1,2
683,7,4,43,2,39,106,2,4,3,1,3,3,3,2,4,2
684,4,3,32,1,31,193,4,4,3,3,3,2,3,2,4,2
685,7,5,53,1,22,2,3,2,2,3,3,1,2,3,3,3
686,6,3,34,1,24,11,4,3,2,4,4,3,1,3,3,2
687,3,3,31,1,39,106,2,3,3,2,2,2,3,2,4,2
688,5,5,51,1,31,48,3,3,4,2,4,3,3,3,2,2
689,5,4,42,1,38,163,2,2,4,4,3,1,4,3,2,3
690,4,3,32,2,39,37,4,2,2,3,2,3,4,4,3,1
691,4,3,31,1,25,27,3,3,4,2,2,1,2,3,2,3
692,7,1,12,2,33,187,4,4,3,2,2,3,2,3,2,4
693,2,3,33,2,27,8,1,3,3,4,4,4,4,2,1,4
694,5,3,31,1,18,39,1,1,2,1,1,3,2,3,4,3
695,7,1,11,1,27,136,3,3,4,3,4,2,1,3,3,3
696,8,5,51,1,32,66,3,2,4,1,3,2,2,1,3,3
697,8,3,31,1,36,53,2,4,2,3,3,3,2,3,4,3
698,1,2,23,1,35,22,4,1,1,2,1,2,4,4,3,3
699,2,1,13,1,33,260,3,3,2,3,4,3,3,4,3,2
700,2,4,41,1,33,147,2,3,4,2,2,4,3,2,2,4
701,6,5,54,1,26,16,2,2,2,2,3,3,3,3,4,4
702,6,3,32,1,33,53,3,2,2,2,2,1,2,2,3,2
703,2,1,13,1,30,79,4,2,4,2,3,2,2,3,2,4
704,7,3,35,1,33,53,2,2,3,2,2,1,2,2,4,2
705,8,2,23,1,30,74,1,1,4,2,4,2,3,3,1,3
706,1,2,24,1,23,13,2,1,1,3,3,2,3,3,2,4
707,2,5,51,2,22,45,3,2,2,3,4,2,2,2,3,3
708,2,1,11,2,32,99,2,3,2,3,2,2,4,2,2,4
709,6,2,22,2,31,470,3,3,2,2,4,2,2,2,2,3
710,3,4,42,2,25,22,2,3,2,3,2,4,3,4,2,1
711,1,3,31,2,22,137,2,1,2,2,2,2,3,2,3,3
712,4,1,11,2,24,41,4,1,4,3,3,2,1,2,2,4
713,7,4,41,1,36,4,2,2,2,2,3,2,3,2,2,1
714,5,2,25,2,28,19,3,3,2,2,3,2,4,2,3,2
715,6,5,53,2,31,45,4,3,4,2,2,4,2,2,4,3
716,4,1,12,1,29,46,4,3,2,4,3,2,2,3,3,2
717,2,2,22,1,33,27,3,2,4,2,3,2,2,3,3,3
718,3,1,14,2,22,82,2,4,2,3,3,2,3,3,3,3
719,7,5,54,1,32,51,4,4,3,4,2,4,3,2,4,3
720,2,2,21,2,32,18,3,4,4,2,2,2,3,2,4,3
721,3,4,43,1,28,108,2,1,4,4,3,3,3,2,2,2
722,8,2,25,1,34,46,3,3,2,2,2,2,4,3,3,3
723,7,1,15,1,22,57,4,3,3,3,3,2,3,1,3,3
724,2,3,31,2,42,160,3,3,4,4,2,1,4,2,2,3
725,4,2,21,2,29,21,4,3,4,4,2,2,2,2,1,1
726,7,4,45,2,34,29,4,3,2,2,3,1,4,4,1,3
727,5,3,33,2,32,60,4,4,1,4,2,3,4,3,2,3
728,7,5,52,2,30,40,2,2,2,2,3,2,1,2,3,1
729,2,2,23,1,31,334,4,3,2,3,3,4,2,3,2,3
730,1,3,32,2,30,29,4,3,2,3,2,3,2,2,2,3
731,8,3,35,2,40,266,4,3,3,4,1,2,3,3,1,2
732,8,1,14,1,29,44,1,3,4,2,2,2,3,3,3,3
733,3,1,14,1,34,88,2,1,3,2,2,3,2,3,4,2
734,5,5,52,1,23,78,3,1,1,4,4,2,2,3,3,2
735,8,5,52,1,43,72,3,1,2,4,1,2,4,1,4,3
736,1,2,23,1,47,67,3,3,2,4,2,1,2,3,3,4
737,8,2,24,1,29,16,3,4,3,2,3,2,1,4,3,4
738,1,3,34,2,22,21,4,2,2,3,3,3,3,4,3,3
739,7,5,52,2,29,92,4,3,3,3,4,2,1,3,3,2
740,6,5,51,1,23,89,1,2,3,2,2,3,1,2,1,2
741,2,4,41,1,34,113,3,3,3,2,2,2,3,2,3,2
742,7,3,33,1,34,44,2,3,3,2,2,4,3,3,3,2
743,1,5,53,2,30,54,2,1,4,2,4,4,3,3,2,2
744,2,5,51,1,31,11,4,2,3,2,1,3,4,3,2,2
745,8,2,25,1,31,96,4,2,3,3,2,2,3,1,2,2
746,7,3,35,2,25,58,2,2,2,2,1,4,2,2,2,3
747,2,1,11,1,29,41,2,2,4,3,4,3,3,2,1,3
748,1,5,55,2,41,178,2,1,3,2,3,3,2,3,2,2
749,6,1,11,1,30,99,4,2,3,3,2,3,4,2,2,3
750,6,2,23,2,26,250,3,4,2,3,3,3,4,4,4,3
751,2,5,51,1,28,80,3,3,2,2,2,2,2,3,2,3
752,7,5,53,2,34,231,2,3,3,2,2,3,2,1,1,2
753,2,4,44,1,21,9,2,2,2,3,2,3,1,3,2,3
754,2,3,33,2,41,83,2,4,2,2,3,1,3,4,1,1
755,6,2,24,2,35,19,4,3,3,3,3,3,3,4,4,3
756,4,3,33,1,28,362,3,2,4,4,2,4,2,1,2,2
757,2,4,45,1,23,31,4,4,3,4,2,3,4,1,3,1
758,1,2,25,1,38,500,3,4,2,1,2,3,4,1,2,4
759,2,5,52,1,30,176,4,3,3,2,2,2,2,2,2,4
760,3,4,43,2,31,4,3,3,3,2,3,4,2,1,2,3
761,3,5,51,2,33,203,2,3,3,4,2,4,3,4,3,3
762,3,2,21,1,24,12,4,3,3,3,3,1,4,3,3,2
763,6,4,42,1,33,5,2,3,3,3,3,3,3,2,2,2
764,3,1,15,1,26,44,3,2,2,2,3,4,2,3,2,3
765,4,4,44,2,37,20,2,2,3,3,3,3,1,4,2,4
766,6,2,23,1,29,48,4,2,4,3,3,2,4,3,1,2
767,7,3,33,2,26,12,3,2,3,2,2,2,2,2,3,2
768,4,5,51,1,34,34,2,2,2,1,1,3,1,1,3,1
769,8,5,52,2,42,15,2,1,4,4,2,1,3,2,3,3
770,2,1,12,1,29,138,3,2,2,1,2,2,3,1,2,3
771,7,3,33,2,30,8,4,2,3,4,3,2,2,3,3,1
772,6,1,12,1,31,176,3,2,3,3,4,1,3,2,4,3
773,2,3,31,1,42,294,2,1,3,1,3,4,4,2,2,4
774,7,3,34,1,37,10,4,4,3,2,1,2,3,3,4,1
775,6,3,31,2,36,34,3,2,2,2,3,3,3,2,2,3
776,6,4,45,2,32,93,4,3,1,2,3,2,2,2,2,1
777,1,2,21,1,32,37,4,2,2,2,3,3,2,2,3,3
778,2,5,54,1,35,48,3,3,3,3,4,2,3,3,3,4
779,5,4,43,2,26,279,2,4,3,2,3,4,2,4,4,2
780,6,4,45,2,30,61,3,1,1,2,3,4,2,3,1,1
781,3,1,13,2,37,26,2,2,2,4,2,1,2,3,3,3
782,2,1,12,1,22,425,3,1,2,3,3,2,4,3,3,2
783,2,1,14,1,27,19,3,3,1,2,2,2,2,1,3,2
784,4,5,52,2,40,76,2,4,2,2,1,4,3,2,3,3
785,7,1,13,2,29,73,2,3,3,2,2,3,3,3,3,3
786,7,4,41,1,34,11,4,4,2,2,4,3,2,3,1,4
787,2,2,25,1,29,213,4,2,3,3,2,3,4,3,3,3
788,4,1,12,1,20,43,4,3,4,2,4,3,2,3,3,4
789,7,5,54,1,32,20,2,3,2,3,2,1,2,3,1,4
790,6,2,25,1,30,336,4,2,2,4,3,2,3,4,2,4
791,3,4,43,1,27,78,1,3,3,3,3,4,3,3,3,3
792,2,2,21,2,31,79,1,2,1,3,2,4,3,1,2,4
793,2,4,44,1,27,50,3,1,3,2,2,4,1,2,2,3
794,4,3,31,2,38,71,1,1,3,2,1,1,3,3,1,3
795,6,1,15,1,24,33,2,1,3,2,3,1,2,3,3,3
796,6,4,44,1,24,28,2,3,2,3,2,3,4,2,4,4
797,8,4,42,1,44,365,1,2,3,4,3,2,1,4,4,3
798,1,5,55,2,25,22,3,3,3,2,2,3,2,3,4,3
799,4,4,43,1,38,73,3,3,2,1,3,3,4,3,2,2
800,8,1,12,2,33,177,1,3,2,3,4,4,4,3,3,3
801,4,5,53,1,31,8,4,1,3,3,2,3,3,2,2,4
802,1,2,24,1,38,1974,4,2,3,4,3,3,4,2,3,3
803,3,2,25,2,24,70,3,2,2,4,3,2,2,2,2,2
804,6,4,45,2,35,39,2,3,4,2,2,3,2,3,4,1
805,2,3,32,2,21,63,3,4,4,2,4,2,2,3,4,1
806,4,1,11,2,40,1054,2,1,3,3,3,2,2,2,1,4
807,8,4,45,2,26,21,2,2,4,2,3,1,4,2,4,1
808,5,5,54,1,37,31,3,4,3,2,3,3,2,3,3,3
809,8,5,55,2,26,189,3,4,3,1,3,2,3,2,3,3
810,5,5,51,2,35,28,3,3,4,2,3,3,4,4,2,3
811,2,4,42,1,38,21,4,3,4,3,2,3,3,4,3,2
812,6,2,24,2,28,94,3,4,3,2,2,3,2,3,3,4
813,8,5,54,1,40,124,1,2,2,1,2,1,2,4,2,3
814,1,2,25,1,37,96,3,3,3,2,2,3,4,1,3,3
815,8,1,15,1,36,126,4,4,2,2,3,3,3,3,1,3
816,2,3,32,2,31,89,3,2,2,3,2,3,2,4,3,3
817,2,4,44,2,41,148,2,2,4,3,4,3,3,3,4,1
818,5,4,41,1,31,135,3,1,1,3,3,2,2,4,2,3
819,7,4,45,1,41,17,4,3,2,3,3,1,2,2,2,2
820,7,5,54,2,31,8,1,2,2,2,4,1,3,4,3,2
821,4,3,35,1,30,31,3,4,2,2,4,3,3,3,3,4
822,2,3,33,2,32,8,3,2,3,3,3,2,4,3,3,4
823,5,4,41,1,25,73,3,1,2,3,3,2,2,3,3,3
824,4,4,43,1,27,80,2,3,3,3,3,2,3,4,3,3
825,5,2,22,2,42,23,2,4,3,3,2,2,2,4,4,1
826,4,3,32,2,27,37,2,4,1,3,3,4,3,2,3,2
827,7,3,33,2,34,111,2,2,3,2,4,2,3,4,1,1
828,6,3,32,1,33,22,3,2,2,3,3,3,2,2,3,3
829,5,2,21,1,26,11,2,2,3,2,3,3,3,2,4,3
830,2,5,53,2,39,173,2,3,3,1,3,2,2,3,1,1
831,6,5,55,2,28,13,3,4,1,2,3,2,3,3,3,2
832,2,2,21,1,28,123,3,2,4,2,3,4,2,4,4,1
833,6,1,15,2,36,45,2,3,2,4,1,2,3,3,4,4
834,1,2,21,2,30,27,3,3,3,3,4,4,3,4,4,3
835,5,4,45,2,34,42,3,3,3,2,4,1,4,1,3,2
836,5,3,32,1,27,22,2,1,3,2,2,2,3,2,3,2
837,1,3,34,2,30,47,2,3,1,2,4,3,2,1,2,2
838,4,1,11,1,36,77,3,4,3,4,4,3,3,3,2,2
839,2,4,41,2,31,94,4,3,2,3,3,3,3,4,3,3
840,6,2,24,2,33,393,3,3,2,2,4,2,2,1,3,2
841,2,3,34,2,27,201,4,1,3,3,4,2,2,3,3,4
842,3,3,34,2,29,277,2,3,3,3,2,2,4,2,1,2
843,6,5,53,2,30,11,3,1,2,2,2,3,1,1,2,2
844,7,2,21,1,40,59,4,3,4,4,2,4,2,2,3,3
845,7,2,23,1,31,166,1,2,3,3,4,2,2,3,2,2
846,2,5,53,1,27,36,3,2,3,1,2,2,3,3,1,2
847,5,1,12,2,17,125,2,4,1,3,2,2,2,4,3,3
848,7,3,35,2,33,63,2,1,3,3,1,1,2,3,3,4
849,4,2,24,1,32,33,2,3,4,4,3,2,3,3,4,3
850,4,5,54,2,38,8,3,2,4,3,1,1,1,2,2,3
851,6,1,11,1,36,82,3,2,2,4,2,2,2,2,2,3
852,8,5,52,1,43,45,3,2,2,3,2,4,3,3,2,4
853,3,2,22,2,33,163,3,4,3,3,4,3,2,2,2,3
854,2,5,55,1,29,23,2,1,3,2,2,2,3,2,2,3
855,5,3,33,2,35,43,2,2,1,1,4,2,3,4,2,2
856,3,4,41,1,27,54,3,3,3,3,2,2,4,3,3,4
857,5,5,54,2,33,36,2,4,2,4,2,4,2,3,3,4
858,8,2,21,2,31,77,3,1,1,3,2,2,2,3,3,4
859,8,3,34,1,33,21,2,2,1,1,3,1,2,3,3,3
860,3,3,32,2,35,141,4,2,2,4,3,1,3,4,3,3
861,5,2,22,1,42,100,3,2,3,2,3,4,1,2,3,2
862,8,1,11,2,38,53,4,3,2,2,3,4,2,3,2,4
863,7,5,52,1,34,11,3,2,2,2,3,3,3,4,3,2
864,1,1,11,2,21,32,2,2,2,2,3,3,1,4,4,1
865,8,5,53,1,26,69,2,3,4,3,3,1,2,4,3,2
866,4,3,31,2,17,20,1,3,2,3,3,3,3,2,2,3
867,3,4,43,1,26,228,3,2,2,2,3,3,2,3,2,3
868,2,1,15,1,25,133,1,4,3,3,2,3,3,1,2,3
869,5,1,13,2,31,10,4,4,2,4,1,4,3,3,1,4
870,3,5,51,2,33,26,1,2,2,2,2,2,4,2,2,2
871,2,5,54,1,28,31,1,2,2,2,3,3,2,3,3,2
872,4,1,14,2,36,14,3,3,2,2,3,2,2,3,3,3
873,1,5,51,2,21,14,4,2,1,2,3,1,2,3,2,2
874,3,3,32,2,38,174,1,2,2,2,3,2,3,3,4,3
875,2,4,41,1,44,27,3,3,2,4,3,2,3,3,1,4
876,1,3,34,2,24,25,4,2,4,3,4,2,2,3,2,2
877,7,4,43,1,26,225,3,2,1,2,4,2,1,3,3,3
878,4,3,34,2,27,126,4,3,2,2,3,2,3,4,4,3
879,2,2,22,2,29,49,3,2,4,1,3,3,2,2,2,4
880,8,4,44,2,34,22,2,3,2,2,3,4,2,4,4,3
881,3,2,22,1,27,62,3,4,1,1,2,3,4,2,4,2
882,3,2,24,2,30,115,4,1,2,2,3,4,4,2,1,3
883,7,4,45,2,31,11,2,2,3,2,2,2,3,3,3,2
884,6,5,51,1,42,265,4,3,3,1,3,2,3,2,3,2
885,8,1,12,2,31,150,4,2,1,2,3,2,1,3,3,3
886,3,1,13,2,29,91,3,3,3,4,4,4,4,4,1,3
887,6,4,42,2,34,152,4,3,1,2,4,4,2,3,2,4
888,3,3,35,2,34,6,2,1,4,3,3,2,3,2,4,3
889,1,3,32,2,31,42,3,2,2,2,2,2,3,3,3,2
890,5,3,34,2,36,23,3,4,2,2,2,2,2,4,2,2
891,8,3,35,1,32,107,3,3,1,2,3,2,4,2,3,3
892,4,5,54,2,40,8,4,2,2,3,4,2,4,3,1,3
893,6,4,43,2,30,60,1,4,2,4,3,4,3,2,2,3
894,4,4,42,2,40,21,4,4,3,3,1,4,2,3,2,2
895,8,2,21,1,29,79,3,3,4,4,1,2,4,2,2,3
896,8,1,11,1,32,269,3,2,4,1,4,4,3,2,2,4
897,6,2,21,2,36,42,3,2,4,1,2,1,2,3,2,4
898,2,1,13,1,29,57,2,4,4,2,4,2,2,3,2,2
899,4,3,33,2,25,59,3,2,3,3,3,3,4,2,2,3
900,3,2,21,1,26,61,3,4,2,3,3,2,3,2,3,2
901,4,2,23,2,31,47,2,1,1,3,2,3,2,3,3,1
902,8,2,24,1,33,24,3,3,3,4,3,4,3,3,4,2
903,6,4,41,2,26,58,3,3,3,2,2,2,4,3,3,2
904,4,2,21,1,33,147,3,2,2,3,2,3,4,1,2,2
905,5,3,32,1,25,62,4,3,4,3,3,2,3,2,3,2
906,4,1,11,2,21,40,1,2,1,2,4,2,2,4,2,2
907,8,5,52,1,28,81,3,2,2,3,2,3,3,1,2,3
908,8,3,35,1,25,527,4,1,4,2,2,2,2,3,3,2
909,8,3,31,1,38,3,1,4,2,3,3,4,2,3,2,2
910,8,2,21,2,39,150,3,3,3,2,4,4,2,3,2,3
911,2,1,14,1,37,69,4,1,2,2,3,2,2,2,4,4
912,3,2,24,2,37,18,4,4,4,4,1,3,2,2,2,1
913,1,2,21,1,24,16,2,4,1,2,3,2,2,3,2,3
914,6,3,35,1,35,141,1,2,3,4,2,4,4,2,3,2
915,8,2,21,2,39,82,2,2,2,4,2,3,3,4,2,3
916,1,2,24,1,29,165,3,4,3,3,3,3,2,2,2,2
917,7,3,34,2,28,114,2,4,3,2,4,2,2,2,3,2
918,1,5,55,1,37,91,2,1,3,3,1,2,3,3,3,2
919,7,3,32,2,33,85,2,2,2,3,4,3,3,2,2,3
920,3,1,12,2,37,11,3,2,3,3,3,3,4,1,4,2
921,4,5,52,2,25,60,3,2,3,3,4,3,2,3,2,4
922,1,4,41,2,33,45,3,3,3,3,2,1,3,3,2,4
923,4,1,14,1,40,75,2,4,3,3,3,3,2,4,1,2
924,4,5,51,1,36,164,4,2,2,4,3,2,3,2,4,3
925,6,4,45,2,33,28,3,2,4,2,3,4,3,4,4,4
926,3,5,54,1,28,20,4,3,2,3,4,4,4,4,2,4
927,3,2,22,1,36,187,3,2,2,2,4,2,2,1,2,4
928,2,1,13,2,40,2,2,3,2,1,2,2,3,3,4,2
929,8,2,24,2,32,116,4,3,4,3,1,2,3,2,3,1
930,5,2,24,2,26,40,4,2,4,2,3,3,3,2,1,2
931,5,1,11,1,26,45,2,4,2,2,3,4,2,3,3,3
932,4,1,14,1,29,13,2,3,4,2,2,1,2,1,2,3
933,2,1,13,1,21,193,3,2,4,3,2,3,2,2,2,2
934,3,5,55,2,41,194,3,2,3,4,4,3,3,3,2,3
935,7,4,44,1,43,204,4,4,2,3,2,3,2,3,3,3
936,8,4,44,2,39,23,3,1,3,4,3,4,3,4,3,3
937,6,2,24,1,28,23,3,3,2,4,2,3,2,1,3,4
938,6,5,52,1,27,45,3,3,1,2,3,3,4,2,2,3
939,1,4,44,2,28,37,3,3,2,2,4,2,4,3,2,2
940,5,3,33,2,21,149,3,1,2,1,3,3,3,3,4,2
941,6,3,32,2,33,56,3,2,2,1,2,3,3,3,3,2
942,8,4,44,2,35,53,1,3,3,2,2,2,2,2,2,3
943,2,1,14,1,22,22,4,2,4,3,3,3,4,3,3,4
944,6,2,21,1,36,27,4,2,3,2,3,2,1,4,3,2
945,2,3,31,2,29,77,4,2,2,2,3,3,3,3,4,3
946,2,5,54,1,33,244,3,2,3,2,4,2,3,3,2,3
947,8,5,51,2,43,33,2,3,2,3,3,3,2,2,4,3
948,2,3,34,1,35,114,2,2,1,2,3,3,4,4,1,3
949,6,1,13,1,30,2,4,3,4,3,3,4,2,2,2,3
950,7,5,53,2,26,110,4,3,4,2,3,1,2,2,2,3
951,8,1,15,1,31,83,1,2,4,4,2,2,2,3,2,2
952,5,1,14,2,39,21,3,2,1,3,1,3,3,4,3,4
953,5,2,24,1,29,12,3,4,3,2,3,2,3,2,3,4
954,1,2,21,1,37,66,2,3,2,1,4,3,3,1,3,1
955,4,1,13,2,30,391,3,3,2,2,2,4,1,1,3,4
956,2,2,23,1,35,138,4,2,2,3,4,4,2,1,2,3
957,1,2,21,2,31,96,1,2,3,2,4,2,3,3,3,2
958,4,2,22,2,29,79,3,4,3,3,1,1,3,2,4,3
959,7,5,53,1,39,12,4,3,3,1,3,3,2,2,3,3
960,3,3,32,1,43,39,2,2,4,4,2,3,1,4,2,2
961,5,1,11,1,28,43,2,3,2,3,2,2,3,3,2,4
962,4,5,54,2,27,63,3,4,2,3,3,2,3,3,3,4
963,7,5,52,1,23,26,2,3,1,4,4,3,3,2,4,3
964,1,1,13,2,26,104,2,3,1,4,4,2,2,2,2,2
965,7,5,52,2,28,128,4,2,3,2,2,3,3,4,1,3
966,8,2,24,2,26,15,3,2,3,1,3,3,4,1,2,2
967,6,5,52,1,29,107,2,2,3,1,4,4,1,2,4,2
968,1,4,43,2,28,20,2,3,2,3,2,2,2,4,3,4
969,3,5,52,2,37,187,3,3,4,1,2,3,4,3,1,3
970,8,1,14,2,30,28,1,1,2,2,1,3,2,1,3,4
971,1,3,31,1,34,25,3,3,3,2,2,3,3,3,3,4
972,7,3,35,1,22,117,3,3,2,3,4,2,3,1,4,3
973,5,5,54,2,33,90,2,2,3,2,2,3,3,2,3,2
974,5,5,52,1,26,85,4,2,2,2,2,3,4,3,4,4
975,2,5,55,2,29,26,4,3,1,2,3,3,1,3,3,4
976,5,1,13,1,29,63,3,1,2,3,2,3,2,2,4,1
977,7,2,25,2,29,17,2,2,3,4,4,3,3,3,1,3
978,1,3,33,2,25,202,3,3,3,3,2,3,3,4,3,4
979,8,2,24,2,30,22,2,2,4,2,2,2,3,3,1,2
980,4,2,22,2,34,247,4,2,3,3,2,2,2,2,3,3
981,4,3,34,1,33,41,4,1,4,1,2,2,2,3,3,3
982,7,3,32,2,31,386,3,3,2,4,4,3,2,2,2,3
983,6,3,35,2,43,62,2,3,2,2,3,1,4,3,2,2
984,2,4,42,2,27,211,2,2,2,2,1,2,3,4,4,2
985,7,4,44,1,30,227,4,2,2,3,2,2,3,2,1,2
986,1,1,14,1,43,30,2,2,3,4,2,1,3,2,2,2
987,1,1,14,2,22,127,2,4,2,2,2,4,3,3,2,3
988,6,4,45,1,31,58,3,4,2,3,3,4,1,3,4,3
989,6,5,52,1,30,396,4,2,4,3,2,3,3,3,1,2
990,2,5,51,1,31,34,4,3,2,3,3,3,2,1,2,4
991,7,2,22,1,38,9,3,1,2,2,4,3,1,3,3,1
992,7,5,52,1,25,92,2,2,2,3,3,2,1,2,3,3
993,7,5,52,1,28,124,3,2,3,2,3,2,2,3,3,2
994,1,3,31,1,27,40,3,2,4,2,4,4,3,2,2,2
995,2,3,31,2,35,30,3,2,1,2,3,2,1,4,3,1
996,8,4,42,2,31,57,3,2,1,1,2,2,4,1,4,3
997,6,1,15,1,42,86,3,2,2,3,2,3,4,4,1,2
998,4,1,12,2,35,101,1,3,2,3,3,3,2,2,2,4
999,7,3,32,2,35,98,2,2,3,2,3,3,4,2,4,3
1000,5,5,55,2,36,27,2,2,4,2,2,1,4,3,3,3
